图片,译名,片名,年代,产地,类别,语言,字幕,上映日期,片长,导演,主演,简介,下载链接
"['https://img.dytt89.com/d/file/html/gndy/jddy/2021-05-05/e21c6b03d4674b1951f605f54ed83d91.jpg', 'https://img.dytt89.com/d/file/html/gndy/jddy/2021-05-05/b7a0fcc1546e5d14eb1c465923e0f776.jpg']",新豪门夜宴,��是有�墼诟綦x,2021,中国香港,"['喜剧', '剧情']",汉语普通话,中文字幕,2021-05-04,79 Mins,谷德昭,"['曾志伟', '梁家辉', '张智霖', '张继聪', '薛凯琪', '陈家乐', '古天乐', '成龙', '吴镇宇', '林家栋', '方力申', '郑则仕', '李灿森', '许冠文', '周秀娜', '钱嘉乐', '元秋', '罗兰', '苏丽珊', '刘心悠', '张达伦', '姜皓文', '张国强', '陆永', '菊梓乔', '余安安', '卢惠光', '邓月平', '韩马利', '林德信', '河国荣', '车婉婉', '张文慈', '吴肇轩', '李靖筠', '伍咏诗', '冯勉恒', '彭敬慈', '林兆霞', '蔡洁', '王凯韦', '庄奕楠', 'Dough-Boy']",香港演艺人协会、香港电影工作者总会发起，香港十间电影公司（中国星、安乐影片、英皇电影、东方影业、寰亚电影、美亚电影、天下一电影、邵氏兄弟、太阳娱乐文化、寰宇电影）和香港电影发展局“电影制作融资计划”联合出品，讲述一个风平浪静的下午，格尼酒店突然查出疑似病例，随即被防疫中心勒令全面封锁，所有逗留在酒店内的客人必需接受14天强制隔离。众人在酒店内隔离，人与人之间的关系在不知不觉间拉近。大家共同渡过艰难时刻，更学会珍惜可能是最后的相处时光。,['magnet:?xt=urn:btih:3140c0cfac14fa295e39eaa9c5441cd4da794aff&dn=[电影天堂www.dytt89.com]总是有爱在隔离-2021_HD国语中字.mp4']
"['https://img.dytt89.com/d/file/html/gndy/dyzz/2021-04-30/ac133575e74066be01a49a77a3510e9e.jpg', 'https://img.dytt89.com/d/file/html/gndy/dyzz/2021-04-30/2f1ec001362feea3e22d11dedd5b15fc.jpg']",唐探3/Detective Chinatown 3,唐人街探案3,2021,中国大陆,"['喜剧', '悬疑']",汉语普通话,中文字幕,2021-02-12,136 Mins,陈思诚,"['王宝强', '刘昊然', '妻夫木聪', '托尼·贾', '长泽雅美', '染谷将太', '铃木保奈美', '浅野忠信', '三浦友和', '尚语贤', '肖央', '张子枫', '邱泽', '张钧甯', '马伯骞', '程潇', '陈哲远', '李明轩', '崔雨鑫', '张熙然']",继曼谷、纽约之后，东京再出大案。唐人街神探唐仁（王宝强 饰）、秦风（刘昊然 饰）受侦探野田昊（妻夫木聪 饰）的邀请前往破案。“CRIMASTER世界侦探排行榜”中的侦探们闻讯后也齐聚东京，加入挑战，而排名第一Q的现身，让这个大案更加扑朔迷离，一场亚洲最强神探之间的较量即将爆笑展开……,"['magnet:?xt=urn:btih:6c2885499fc38ba86e0c18931c5b65b8082c6cc5&dn=[电影天堂www.dytt89.com]唐人街探案3-2021_4K国语中字.mp4', 'magnet:?xt=urn:btih:ad281b53f1b89fd3f429b0a971cf1b885fc9fd50&dn=[电影天堂www.dytt89.com]唐人街探案3-2021_BD国语中字.mp4\r', 'magnet:?xt=urn:btih:ac5f47309d054180e6e3dbcb53670bbccd0c887b&dn=[电影天堂www.dytt89.com]唐人街探案3-2021_HD国语中英双字.mp4\r']"
"['https://img.dytt89.com/d/file/html/gndy/dyzz/2021-05-02/21ec4863f0f4c8a0e839875a5b08bda1.jpg', 'https://img.dytt89.com/d/file/html/gndy/dyzz/2021-05-03/a855d6cb99f740baeadaff9880222770.jpg']","Hi, Mom",你好，李焕英,2021,中国大陆,"['喜剧', '奇幻', '剧情']",汉语普通话,中文字幕,2021-02-12,128 Mins,贾玲,"['贾玲', '张小斐', '沈腾', '陈赫', '魏翔', '刘佳']",2001年的某一天，刚刚考上大学的贾晓玲（贾玲 饰）经历了人生中的一次大起大落。一心想要成为母亲骄傲的她却因母亲突遭严重意外，而悲痛万分。在贾晓玲情绪崩溃的状态下，竟意外的回到了1981年，并与年轻的母亲李焕英（张小斐 饰）相遇，二人形影不离，宛如闺蜜。与此同时，也结识了一群天真善良的好朋友。晓玲以为来到了这片“广阔天地”，她可以凭借自己超前的思维，让母亲“大有作为”，但结果却让晓玲感到意外......,['magnet:?xt=urn:btih:c99c050285decb69d8c7d04802d0066e18deb4f3&dn=[电影天堂www.dytt89.com]你好，李焕英-2021_HD国语中英双字.mp4']
"['https://img.dytt89.com/d/file/html/gndy/dyzz/2021-05-02/9c9339eece2b67c7df5fa741c51a4be3.jpg', 'https://img.dytt89.com/d/file/html/gndy/dyzz/2021-05-02/71a6e5e58d71c3b20b9dfda6d1727331.jpg']",,The Mitchells vs. The Machines,2021,美国/加拿大/法国,"['喜剧', '科幻', '动画', '冒险']",英语,中文字幕,2021-04-30,111 Mins,迈克尔·里安达,"['奥利维娅·科尔曼', '埃里克·安德烈', '玛娅·鲁道夫', '查琳·易', '丹尼·麦克布莱德', '艾比·雅各布森', '弗莱德·阿米森', '克莉丝汀·泰根', '玛德琳·麦格劳', '亚历克斯·赫什', '柯南·奥布莱恩', '萨西尔·扎玛塔', '约翰·传奇', '贝克·班尼特', 'Griffin McElroy', '杰·费罗尔', '布雷克·格里芬', '迈克尔·里安达', '丝凯拉·格雷']",《智能大反攻》是由美国索尼哥伦比亚影片公司和索尼动画联合出品的原创喜剧冒险动画电影。该片由荣获奥斯卡最佳动画长片大奖的《蜘蛛侠：平行宇宙》金牌制作团队重磅打造，可谓2020年最值得期待的动画巨制。迈克尔·里安达（《怪诞小镇》）担任导演、菲尔·罗德和克里斯托弗·米勒（《蜘蛛侠：平行宇宙》《乐高大电影》）担任制片人。特立独行又充满创意的凯蒂·米切尔考上了她梦寐以求的电影学院。她本打算坐飞机前往学校，但热爱大自然的父亲瑞克却决定开车载全家人一起送凯蒂上大学，在她离开之前增进家人感情。除了凯蒂和瑞克，米切尔一家还包括乐天派的母亲琳达和性格古怪的弟弟艾伦，以及胖乎乎的可爱八哥犬蒙奇，他们展开了一段刺激的家庭公路自驾游。但意外发生了，智能科技突如其来地向人类发起反攻，彻底打乱了米切尔一家的计划。人们最常用的电子设备，从手机到家用电器，乃至一系列最新的私人机器人，决定在全球范围内向人类进攻。在两台友好的故障机器人帮助下，米切尔一家齐心协力互相帮助，共同面对这次非同寻常的挑战！,['magnet:?xt=urn:btih:d3ad5a07d42cd439a7eeee77e22996f3255c035b&dn=[电影天堂www.dytt89.com]智能大反攻-2021_BD英语中字.mp4']
"['https://img.dytt89.com/d/file/html/gndy/dyzz/2021-04-26/3fa40b7bc594e449a465928af994929c.jpg', 'https://img.dytt89.com/d/file/html/gndy/dyzz/2021-04-26/07a1f6f15db2e1039cf938f8ff30e5d8.jpg']",,Good Newwz,2019,印度,"['喜剧', '爱情', '剧情']",印地语/英语,中英双字幕,2019-12-27,132 Mins,拉吉·梅塔,"['阿克谢·库玛尔', '卡琳娜·卡普尔', '迪尔吉特·多桑', '伽罗·阿德瓦尼', '阿迪勒·侯赛因', '蒂丝卡·乔普拉', '安妮娜·苏哈尼', '费萨尔·拉希德', '西姆兰·苏里', '阿米什卡·苏德', '里卡·卡普尔', '巴拉特·阿胡贾', '苏妮塔·迪尔', '普瑞迪普·库克雷亚', '卡维塔·佩斯', '卡伦·乔哈尔', '莫希特·雷纳']",印度孟买，结婚七年一直没有孩子汽车销售员巴特拉·瓦伦与新闻女记者迪普提，决定到医院人工授精。在已经移植成功后，医院告知精子与另一对叫巴特拉的搞混。瓦伦很伤心，一度不想要这个孩子要求迪普提打胎。另一对巴特拉夫妻担心堕胎，赶紧搬到瓦伦家楼上。两对夫妻从开始的冲突，到后期的和谐相处。,['magnet:?xt=urn:btih:bce62beb511660ef228aa55e64419f503d92ef49&dn=[电影天堂www.dytt89.com]好消息-2019_BD中英双字.mp4']
"['https://img.dytt89.com/d/file/html/gndy/jddy/2021-04-24/9b7bf80c42963a35edb20e6fb5f1226e.jpg', 'https://img.dytt89.com/d/file/html/gndy/jddy/2021-04-24/2a53945c314439228f3888f2f88e1df9.jpg']",Tell Me When/等你等到那一天(港),Dime Cuándo Tú,2020,墨西哥,['喜剧'],西班牙语,中文字幕,2020-12-25,98 Mins,Gerardo Gatica,"['Héctor Bonilla', '马诺罗·卡罗', '加斯德罗·维罗尼卡', 'Gilli Messer', 'Gabriel Nuncio', 'Ludwika Paleta', '西梅娜·罗莫', 'José Carlos Ruiz', 'José Salof', 'Juca Viapri', '杰苏斯·扎瓦拉']",祖父去世后，墨西哥裔美国人威尔决定继续执行他为帮助他在墨西哥发现自己的根源而制定的计划。,['magnet:?xt=urn:btih:1699ec0a20c622e624405d0f83342697873bb327&dn=[电影天堂www.dytt89.com]爱在时时刻刻-2020_BD西班牙语中字.mp4']
"['https://img.dytt89.com/d/file/html/gndy/jddy/2021-04-23/2075e209a6b73e670a326d067faad91e.jpg', 'https://img.dytt89.com/d/file/html/gndy/jddy/2021-04-23/e31d0a6cf7400097a9ea90407be5a127.jpg']",,一度も�膜盲皮蓼护�,2020,日本,"['喜剧', '犯罪']",日语,中文字幕,2020-04-24,101 Mins,阪本顺治,"['石桥莲司', '岸部一德', '大楠道代', '桃井薰', '佐藤浩市', '丰川悦司', '江口洋介', '妻夫木聪', '井上真央', '柄本明', '前田亚季', '涩川清彦', '小野武彦', '柄本佑', '宽一郎']",市川进是一个年迈的小说家，性情冷酷。由于出版商觉得他写的小说太过时，很长一段时间内，他的手稿都没有被采用。但他除了是小说家之外，还是一名传说中的静默杀手。然而事实是他从没有对任何一个人开枪，他所做的都是帮真正的杀手今西调查目标人物——而这也是来自他好友石田的委托。善恶终有报，当石田成为黑手党的目标后，市川意识到自己的生命也危在旦夕。,['magnet:?xt=urn:btih:22e945bb28cea9bc9c64aa8cb031d0d13b4d36bd&dn=[电影天堂www.dytt89.com]从来没有开枪-2020_BD日语中字.mp4']
"['https://img.dytt89.com/d/file/html/gndy/dyzz/2021-04-15/8ee0ff7eca3c4ee9434d91544445c9f5.jpg', 'https://img.dytt89.com/d/file/html/gndy/dyzz/2021-04-15/c6bcad52d5c02e2d09562986afd3638a.jpg']",Endgame,人潮汹涌,2021,中国大陆,"['喜剧', '犯罪']",汉语普通话,中文字幕,2021-02-12,120 Mins,饶晓志,"['刘德华', '肖央', '万茜', '程怡', '黄小蕾', '郭京飞', '刘天佐', '路阳', '郭帆', '雷佳音', '史航', '魏之皓']",陈小萌（肖央 饰）一直渴望成为一名演员，但残酷的现实令他至今扔在龙套的位置上苦苦挣扎。没钱没工作没恋人没朋友还欠了一大笔钱的陈小萌想到了死，可是就连死神都抛弃了他，他数次自杀都以失败告终。,['magnet:?xt=urn:btih:6835a47849c56cf9a431c1cbb903eece18735f33&dn=[电影天堂www.dytt89.com]人潮汹涌-2021_HD国语中字.mp4']
"['https://img.dytt89.com/d/file/html/gndy/jddy/2021-04-14/2a09a44aacd6c7b4b8c2390473208a3b.jpg', 'https://img.dytt89.com/d/file/html/gndy/jddy/2021-04-14/1c9e2be75d3f5955ac10c19f9472490b.jpg']",那夜凌晨，我老公死极死唔去(港)/老公不是人(台)/不死之人的夜晚/不死人之夜/Night,죽지않는 인간들의 밤,2020,韩国,"['喜剧', '科幻', '惊悚']",韩语,中英双字幕,2020-09-29,111 Mins,申政元,"['李贞贤', '金圣武', '杨东根', '徐英姬', '李美度']",讲述了和完美的丈夫结婚的妻子（李贞贤 饰）发现丈夫（金圣武 饰）有着不可告人的秘密，她便和朋友们（徐英姬、李美度 饰）以及侦探（杨东根 饰）齐心协力想要先把丈夫杀死却发生了意想不到的事情的SF搞笑惊悚故事。,['magnet:?xt=urn:btih:a757fd7bb7025f2855514fc203ecb30d225008b4&dn=[电影天堂www.dytt89.com]活死人之夜-2020_BD中英双字.mp4']
"['https://img.dytt89.com/d/file/html/gndy/jddy/2021-04-13/72e93008e1adb8e9bae95ef77c754414.jpg', 'https://img.dytt89.com/d/file/html/gndy/jddy/2021-04-13/1b0de4af0132bf56ec35f7b08cfc5b34.jpg']",The Haunted Hotel,闹鬼旅馆,2021,英国,"['喜剧', '恐怖']",英语,中英双字幕,2021-04（英国,95 Mins,Jean Campbell Hogg,"['休·弗拉瑟', '瑞斯·里奇', '罗伯·贾维斯']",在过去的几十年里，8个幽灵般的遭遇的故事，在一个曾经宏伟的英国酒店的废墟中显现。,['magnet:?xt=urn:btih:122a3930ce225cb21541843cbe615372998882e2&dn=[电影天堂www.dytt89.com]闹鬼旅馆-2021_BD中英双字.mp4']
"['https://img.dytt89.com/d/file/html/gndy/jddy/2021-04-12/3d9df268eff7b7dce66a699546b54c2f.jpg', 'https://img.dytt89.com/d/file/html/gndy/jddy/2021-04-12/7a0949827147873c803c3c160e652e59.jpg']",Ready or Knot,不日成婚,2021,中国香港,"['喜剧', '爱情']",汉语普通话/粤语,中文字幕,2021-04-11,95 Mins,陈茂贤,"['陈家乐', '卫诗雅', '朱�嗫�', '谈善言', '岑珈其', '杨�朴�', '邵音音']",阿佳 (陈家乐 饰)与可怡（卫诗雅 饰）在一个婚礼上相识，两人一拍即合，相爱五年，终于迎来最大的感情危机－“结婚”！女方视结婚为爱的证明；男方视结婚为爱的坟墓，二人在这议题上互有攻守，展开了一场男女之间深层次的角力！ 可怡的闺蜜Jenny (谈善言 饰)与Jessica (杨�朴� 饰) 出谋献策，教她奇招务求怀孕上身！一旦怀孕，婚事不就势在必行？！阿佳眼见可怡对自己展开“逼婚计划”，惟有在兄弟灰熊（朱�嗫� 饰）与阿健(岑珈其 饰) 的帮忙下积极迎战，誓要坚守不婚底线！ 女方计谋被连番识破，Jessica只好掏出杀着－春药！得知消息的灰熊冒着生命危险通风报信，阿佳虽已有所防范，但还是百密一疏，中了可怡的圈套，渡过了极爽快的“无套一夜”！事后阿佳提心吊胆，最反对结婚的浪子阿健立即提出“事后大行动”— 务求在黄金三十六小时内，将事后避孕丸偷偷让可怡服下！ 然而，阿佳冷静过后，还是打消了念头，但事情最终败露。阿佳百口莫辩，可怡心灰意冷，决绝提出分手。恢复单身的二人心境大不相同，可怡在姐妹的陪伴下走出阴霾，重新出发，将生活的重心放回自身，重拾Working Holiday的心愿。 那边厢阿佳自以为潇洒，尽情享受单身的自由，但随时间推移却愈发空虚难耐，此时他才明白比起面对婚姻，他最恐惧的，原来是永远失去可怡！为追回即将飞往他国的女友，他当机立断，誓要策划一场“不日成婚”大行动！,['magnet:?xt=urn:btih:98809952ed17232a5e97c560aa385ac9cf7f7e6a&dn=[电影天堂www.dytt89.com]不日成婚-2021_HD国粤双语中字.mp4']
"['https://img.dytt89.com/d/file/html/gndy/jddy/2021-04-10/d3771c33597ff50434713e98f8d95e63.jpg', 'https://img.dytt89.com/d/file/html/gndy/jddy/2021-04-10/1c8bba7025fa771b26a01537d8535a17.jpg']",心里有数,心里有数,2021,中国大陆,"['喜剧', '爱情', '奇幻']",汉语普通话,中文字幕,2021-04-08,90 Mins,武雨泽,"['何欢', '罗丹笛', '纯情阿伟', '包贝尔', '文松', '张鹤伦']",阿欢从小就有一个很“废”的超能力：挨一耳光就能看见他和别人剩下的见面次数。一次意外让他深信，一旦突破了次数的限制就会带来厄运。从此阿欢得过且过，游戏人间。而青梅竹马的晓彤和阿欢的见面次数高达一万多，他本以为注定是一生的伴侣，所以毫不珍惜。直到有一天，阿欢发现自己和晓彤的见面次数只剩下几次，好哥们阿伟也要离他而去。他意识到自己必须做出改变。阿欢能否打破命运的魔咒呢？,['magnet:?xt=urn:btih:248004a2b848901a063a692a2ea65ce53a6e9321&dn=[电影天堂www.dytt89.com]心里有数-2021_HD国语中字.mp4']
"['https://img.dytt89.com/d/file/html/gndy/jddy/2021-04-10/930c74d68ce2630aa6be9cf4903c694b.jpg', 'https://img.dytt89.com/d/file/html/gndy/jddy/2021-04-10/164e8e22d14795dd07e2e2c51527d69d.jpg']",雷霆之力,Thunder Force,2021,美国,"['喜剧', '动作']",英语,中英双字幕,2021-04-09,108 Mins,本·法尔科内,"['梅丽莎·麦卡西', '奥克塔维亚·斯宾瑟', '庞·克莱门捷夫', '杰森·贝特曼', '梅丽莎·里奥', '鲍比·坎纳瓦尔', '莎拉·贝克', '梅丽莎·庞西奥', 'Shane Berengue', 'Tyrel Jackson Williams', '布拉克斯顿·比肯', '特雷弗·拉科姆', '帕特里克·R·沃克', '马塞拉·洛维里', '泰·玛哈尼', '施奎塔·詹姆斯', 'John Crow', '肖恩·雷卡特尔', '佩拉·米德尔顿']",本片讲述在一个充满超级反派的世界里，Emily Stanton（Octavia Spencer饰演）意外令前闺蜜Lydia（Melissa McCarthy饰演）拥有了超能力，而两位女主得联手组成「雷霆女神」，对付反派「The King」并保护芝加哥。,['magnet:?xt=urn:btih:281c75036fc7f5a9704c7881b525c3be333dd815&dn=[电影天堂www.dytt89.com]雷霆女神-2021_BD中英双字.mp4']
"['https://img.dytt89.com/d/file/html/gndy/jddy/2021-04-09/6e5686be47c85cd3840bb6f2d451077c.jpg', 'https://img.dytt89.com/d/file/html/gndy/jddy/2021-04-09/26c6671738ea3d73ee72ae85e84b6472.jpg']",尤巴猛料,Breaking News In Yuba County,2021,英国/美国,"['喜剧', '惊悚', '犯罪', '剧情']",英语,中英双字幕,2021-02-12,97Mins,泰特·泰勒,"['艾莉森·珍妮', '米拉·库尼斯', '奥卡菲娜', '旺达·塞克丝', '马修·莫迪恩', '萨米拉·威利', '艾伦·巴金', '朱丽叶特·刘易斯', '雷吉娜·赫尔', '吉米·辛普森', '克里斯·劳威尔', '小克利夫顿·克林斯', '布里奇特·埃弗里特', '马塞拉·伦茨·波普', '多米尼克·伯吉斯', '露西·浮士德', '申庚', '西尔维娅·格雷丝·克里姆', '迪内·泰勒', 'T·C·马特恩', '彼得·詹梅斯']",苏·宝特姆斯(珍妮饰)将丈夫与一个女子捉奸在床，却没成想，她的丈夫被吓到心脏病发离世。苏随即把丈夫尸身埋掉。老公的消失，倒是让苏的名望、地位日益增长。但是苏很快发现，她自己不仅要躲避警察和罪犯，更要对她那迫切想要获得猛料的新闻主播妹妹南希三缄其口。,['magnet:?xt=urn:btih:08c5afb5e78a90094af3e0d7c0ce5c4624244cbd&dn=[电影天堂www.dytt89.com]尤巴县突发新闻-2021_BD中英双字.mp4']
"['https://img.dytt89.com/d/file/html/gndy/jddy/2021-04-09/522d6fb47ea94fda493365a6fc1c5b6b.jpg', 'https://img.dytt89.com/d/file/html/gndy/jddy/2021-04-09/f22dd2c585b63e2fc9082120ced112a2.jpg']",追钱逗爱熊仁镇/欢迎来到熊仁镇/Welcome to the Beartown,逗爱熊仁镇,2019,中国大陆,"['喜剧', '爱情']",汉语普通话,中英双字幕,2019-09-07,103 Mins,查慕春,"['朱亚文', '张榕容', '王亮', '郄路通', '韩彦博', '卢野', '钱波', '王旭峰', '多布杰', '刘十六']",电影讲述了同在一间银行ATM部门中工作的何必（朱亚文饰）与蒙小鲜（张榕容饰），由于公司禁止办公室恋情，正秘密的谈着地下恋爱。与此同时300公里以外的熊仁镇一个ATM机出现故障，取一倍的钱吐两倍的现金，造成银行财产损失。于是蒙小鲜和何必约定，谁先找到被多取得钱谁就可以留在银行，另一个必须辞职。于是一场争钱斗爱的游戏在小镇迅速展开。,['magnet:?xt=urn:btih:60aee8150b864d050a690fe2674997a10cb93e80&dn=[电影天堂www.dytt89.com]逗爱熊仁镇-2019_HD国语中字.mp4']
"['https://img.dytt89.com/d/file/html/gndy/jddy/2021-04-09/db22624c9c353c7a76d2dee8dba9bd54.jpg', 'https://img.dytt89.com/d/file/html/gndy/jddy/2021-04-09/f5b8681abf4ba103d5f2c187ddf89f7e.jpg']",映像研には手を出すな！,别对映像研出手！,2020,日本,['喜剧'],日语,中文字幕,2020-09-25,114 Mins,英勉,"['斋藤飞鸟', '山下美月', '梅泽美波', '小西樱子', '滨边美波', '板垣瑞生', '樱田日和', '赤楚卫二']",高中1年级学生浅草绿（斋藤飞鸟 饰），是强调“设定即生命”的动画迷。,['magnet:?xt=urn:btih:e4d41a158c4ad67d36f97d3676e84e8a6095a3ac&dn=[电影天堂www.dytt89.com]别对映像研出手-2020_BD日语中字.mp4']
"['https://img.dytt89.com/d/file/html/gndy/jddy/2021-04-07/a3dcb2d49d96e56a823cff4888e118aa.jpg', 'https://img.dytt89.com/d/file/html/gndy/jddy/2021-04-07/51dd4b2567c8c53b99922d59f3328936.jpg']",,腿,2020,中国台湾,['喜剧'],汉语普通话,中文字幕,2020-12-24,116 Mins,张耀升,"['桂纶镁', '杨�v宁', '张少怀', '李李仁', '金士杰', '林志儒', '陈以文', '张立东', '王自强', '杨丽音', '刘亮佐', '施名帅', '黄健玮', '纳豆', '刘冠廷']",钱钰盈（桂纶镁饰）的丈夫郑子汉（杨�v宁饰）在腿部截肢手术后不幸离世，钱钰盈想拿回丈夫被截肢的腿，却被医院百般刁难、互踢皮球，于是一场异想天开的“夺腿计划”就此展开！她缠着外科医生要求帮忙，跑到一般人从未见过的医院地下室，在一包包检体中寻找丈夫的腿，甚至找上内勤人员监控医院合作车辆的GPS，闹到医院院长都来关切…,['magnet:?xt=urn:btih:b47b2c962a1b8579485c61e19cac409686196811&dn=[电影天堂www.dytt89.com]腿-2020_HD国语中字.mp4']
"['https://img.dytt89.com/d/file/html/gndy/dyzz/2020-12-26/ffcceec3fc2262f5866e7a7ecc7c0e4c.jpg', 'https://img.dytt89.com/d/file/html/gndy/dyzz/2020-12-27/48aa82104b22535b30539d426249966d.jpg']",Soul/灵魂奇遇记(港)/灵魂急转弯(台)/灵魂/心灵,心灵奇旅,2020,美国,"['动画', '喜剧', '音乐', '奇幻', '冒险']",英语,中文字幕,2020-12-25,101 Mins,彼特·道格特,"['杰米·福克斯', '蒂娜·菲', '格拉汉姆·诺顿', '瑞切尔·豪斯', '戴维德·迪格斯', '艾莉丝·布拉加', '理查德·艾欧阿德', '菲利西亚·拉斯海德', '唐尼尔·罗林斯', '阿米尔-哈利卜·汤普森', '安吉拉·贝塞特', '马戈·霍尔', '罗德莎·琼斯', '韦斯·斯塔迪', '沙基纳·贾弗里', '福琼·费姆斯特']",主角Gardner是一个生活很容易看穿的中学音乐老师，而他真正的梦想是弹钢琴——不是像他现在做的一样只教孩子们弹钢琴，而是以做音乐、做爵士乐来谋生。当他终于拿到人生第一份音乐人的工作，却不小心掉进了下水道“死”了，并在一个黑洞中醒来，成为了一个孤独的灵魂。,"['magnet:?xt=urn:btih:5b3104f369d86d11e656987fb4d8b5b99d6c76a4&dn=[电影天堂www.dytt89.com]心灵奇旅-2020_BD国英双语特效中英双字.mp4', 'magnet:?xt=urn:btih:2a3d7f504ac5725744c9dfc3eccfd47079349f5b&dn=[电影天堂www.dytt89.com]心灵奇旅-2020_BD中英双字.mp4\r']"
"['https://img.dytt89.com/d/file/html/gndy/jddy/2021-04-02/36db5c8c87750fd567743c9847932546.jpg', 'https://img.dytt89.com/d/file/html/gndy/jddy/2021-04-02/b0b1553a95147ae9b5ac044515851c31.jpg']",Barb and Star go to Vista Del Mar,巴布与斯塔尔的维斯塔德尔玛之旅,2021,美国,['喜剧'],英语,中英双字幕,2021-02-12,109 Mins,乔什·戈林鲍姆,"['克里斯汀·韦格', '安妮·玛莫罗', '詹米·多南', '小达蒙·韦恩斯', '迈克尔·希区柯克', '科瓦米·帕特森', 'Reyn Doi', '温迪·麦克伦登-考威', 'Mark Jonathan Davis', '汤姆·伦克', '汉克·罗杰森', '福琼·费姆斯特', '瓦妮莎·贝尔', '菲利丝·史密斯', '罗斯·阿卜杜', '娜塔莎·埃斯卡', '丸山凯伦', '麦克·米勒', 'Adrian Makala', '罗布·卡瓦佐斯']",故事讲述两名好友第一次离开中西部的小镇去弗罗里达度假。在度假时，她们被卷入了一场坏人要杀死镇上每一个人的恐怖阴谋中。,['magnet:?xt=urn:btih:8171074e2ff157030c9b91867bc39a1cb127fbc3&dn=[电影天堂www.dytt89.com]巴布与斯塔尔的维斯塔德尔玛之旅-2021_BD中英双字.mp4']
"['https://img.dytt89.com/d/file/html/gndy/jddy/2021-03-30/48bba21dbe2b47848225b839b17c4b4e.jpg', 'https://img.dytt89.com/d/file/html/gndy/jddy/2021-03-30/26913dfa1b7f429fde8860bde54346bc.jpg']",牛宰裤(台),Slaxx,2020,加拿大,"['喜剧', '恐怖']",英语,中文字幕,2020-08-23,74 Mins,埃尔扎·凯普哈特,"['Romane Denis', '布雷特·多纳休', 'Sehar Bhojani', 'Kenny Wong', 'Tianna Nori', 'Erica Anderson', '斯蒂夫·博加尔特', 'Jonathan Emond', '阿曼达·赵', 'Jessica B. Hill', 'Pritha Mazumdar', 'Elizabeth Neale', '\xa0汉娜克·塔波特', 'Aris Tyros']",当拥有的牛仔裤开始杀死一家新潮服装店的员工时，由理想主义的年轻售货员Libby阻止其血腥横行。,['magnet:?xt=urn:btih:4766e71c4ef416d57e3da6fb9731e67744a19f60&dn=[电影天堂www.dytt89.com]杀人牛仔裤-2020_BD英语中字.mp4']
"['https://img.dytt89.com/d/file/html/gndy/jddy/2021-03-28/78f30b5f4f8b3de87992b8bfbee953b2.jpg', 'https://img.dytt89.com/d/file/html/gndy/jddy/2021-03-28/2f78938201cbcd76c591a6305ac1b8fc.jpg']",老潘的归途,老潘的归途,2021,中国大陆,['喜剧'],汉语普通话,中文字幕,2021-03-28,81 Mins,郭亚鹏,"['潘长江', '蒲萄', '刘书源']",罹患肺癌，已至晚期的潘家富在旅行途中认识叛逆的大四女孩小米，二人共同踏上从牡丹江南下临沂的旅程。在旅行中，小米逐渐被阅历丰富的潘家富所影响，体会到了家庭的温暖，与母亲和解;潘家富也被古灵精怪的小米所感染，完成了与旧友言归于好，弥补妻子的心愿以及回到老家临沂解开自己一生最大的心结等愿望。潘家富目睹家乡旧貌换新颜，不再是“荒芜、留守的农村、记忆中的故园“，潘家富终觉此生无憾......,['magnet:?xt=urn:btih:0ba198da44a3c84002cdea713e53d4745a320f11&dn=[电影天堂www.dytt89.com]老潘的归途-2021_HD国语中字.mp4']
"['https://img.dytt89.com/d/file/html/gndy/jddy/2021-03-28/e3ef15844a9636bb041a7674282242d5.jpg', 'https://img.dytt89.com/d/file/html/gndy/jddy/2021-03-28/d796e5729dd2bcef2543235f299f863c.jpg']",旧爱灵灵妻(台)/欢乐的精灵,Blithe Spirit,2020,英国,"['喜剧', '爱情', '奇幻']",英语,中文字幕,2020-12-25,100 Mins,爱德华·霍尔,"['艾拉·菲舍尔', '丹·史蒂文斯', '莱斯利·曼恩', '朱迪·丹奇', '艾米莉娅·福克斯', '艾咪费欧·爱德华兹', '朱利安·林希德-图特', '詹姆斯·弗雷特', '西蒙·坤茨', '米歇尔·多特里斯', '科林·斯廷顿', '戴夫·琼斯', '乔治娜·里奇', '斯特拉·斯托克尔', '朱利安·费罗', '马汀·麦格', '伊西·范·兰德威克', '凯莉·库克']",故事讲述一名犯罪小说家查尔斯(丹·史蒂文斯 饰)遭遇写作障碍，他邀请了古怪的神秘主义者(朱迪·丹奇 饰)表演降神以获得灵感，结果前妻(莱斯利·曼恩 饰)的鬼魂被意外召唤了出来，这个鬼魂想杀了查尔斯这样他们就能来世再聚。而现任妻子露丝(艾拉·菲舍尔 饰)看不见鬼魂，还担心自己的丈夫已经彻底疯了。,['magnet:?xt=urn:btih:0c06b5b942b37c1c269349dc0dbeb9cf6206ae6a&dn=[电影天堂www.dytt89.com]欢快的鬼魂-2020_BD英语中字.mp4']
"['https://img.dytt89.com/d/file/html/gndy/jddy/2021-03-27/f492b196fc93b32922362a177423a81f.jpg', 'https://img.dytt89.com/d/file/html/gndy/jddy/2021-03-27/4957529572fced11950dfe8920e9cd64.jpg']",冒牌保镖,冒牌大保镖,2021,中国大陆,['喜剧'],汉语普通话,中文字幕,2021-03-26,92 Mins,姜晓通,"['王太利', '柳岩', '王珞嘉', '斯力更', '何绍宏', '郭震', '叨叨', '印小天', '姜超', '孟祥龙']",影片讲述了王稳重（王太利 饰）和叶明珠（柳岩 饰）带着弟弟（王珞嘉 饰）在孟巴做导游，三人组建的旅行社名为三顺SSS，意为顺风顺水顺心，但命运和他们开了个大玩笑，“三顺SSS”变爆笑“三傻”，阴差阳错被前来参加医疗峰会的陈教授（何绍宏 饰）当成了国际保镖。为了巨额报酬， 三人选择将计就计假戏真做，冒充国际保镖保护教授。在护送途中，三人不断与暗杀教授的杀手（斯力更 饰）斗智斗勇，但对手的强大已经远远超过了他们的想象，面对巨额佣金与未知危机，冒牌保镖小队该何去何从？,['magnet:?xt=urn:btih:2169f0f693802babe0098e33a8393bc5d83273da&dn=[电影天堂www.dytt89.com]冒牌大保镖-2021_HD国语中字.mp4']
"['https://img.dytt89.com/d/file/html/gndy/jddy/2021-03-26/046b11ca364693d1d5f6deeabd32d2f1.jpg', 'https://img.dytt89.com/d/file/html/gndy/jddy/2021-03-26/153ad7d5392e7f57e8e2fd371dbdaaec.jpg']",寻爱梦工厂(台)/爱在光影追梦时/塔姆法里克/Dreamfactory,Traumfabrik,2019,德国,"['喜剧', '爱情', '剧情']",德语,中文字幕,2019-07-04,128 Mins,马丁·施莱尔,"['艾米利亚·舒勒', '肯·杜肯', '思文佳·永', '安纳托·陶布曼', '尼科莱·金斯基', '海纳·劳特尔巴赫', '莱恩·库德里亚维斯基', 'Milton Welsh', '丹尼斯·莫因', '威尔弗里德·霍赫霍尔丁格', '阿克瑟·施奈伯', 'Lea Faßbender', '萨比娜·巴斯', '艾莲娜·萨尔瓦·冈萨雷斯', '亚历山大·雅辛', '托拜厄斯·劳特伯格']",1961年夏， 艾米尔·黑尔贝格刚刚从军队退役复员。 他来 到了位于巴伯斯贝格的DEFA电影公司：这是一个充斥着无尽的魔幻感和极富创造性的乐观主义的地方。在一扇巨大的拱门后面，他看到了历史悠久的被称为“梦工厂”的电影公司。他的哥哥亚亚历山大在这家公司的置景组工作， 他给艾米尔谋到了一份差事。虽然艾米尔对电影行业知之 甚少，但因为他还没有任何对未来的规划，便勉强接下了 差事。然而，当他为一部电影做群演时，他遇见了一位名 叫米露的法国舞者，一切开始发生变化......,['magnet:?xt=urn:btih:62babfa9529a5a7182dccf4f15dcd4ba83c02a2a&dn=[电影天堂www.dytt89.com]梦工厂-2019_BD德语中字.mp4']
"['https://img.dytt89.com/d/file/html/gndy/dyzz/2021-03-22/788d5626cc7b667cc1f2a106dd5ae86c.jpg', 'https://img.dytt89.com/d/file/html/gndy/dyzz/2021-03-22/e4e570e44fae6468909f87ba110f1a40.jpg']",,许愿神龙,2021,中国大陆/美国/中国香港,"['喜剧', '动画', '奇幻']",汉语普通话/英语,中英双字幕,2021-01-15,99 Mins,克里斯·艾伯翰斯,"['成龙', '牛骏峰', '薇薇安', '苏柏丽']",你知道这世上仅存一条粉红色的许愿神龙吗？他能够实现许愿者任何逆天改命的愿望。这样的神力引得不少人在暗中寻找神龙的踪迹，然而普普通通的上海小青年丁思齐误打误撞打开了神龙的封印。千年代沟引发连串爆笑经历，被绑定的一人一龙踏上了一段妙想天开又惊险万分的旅途…,['magnet:?xt=urn:btih:b6c001de2a3d9ce184e9e41df1803300b723043d&dn=[电影天堂www.dytt89.com]许愿神龙-2021_HD国语中字.mp4']
"['https://img.dytt89.com/d/file/html/gndy/jddy/2021-03-20/0c467c84ec5299347ab6217fe76dd9de.jpg', 'https://img.dytt89.com/d/file/html/gndy/jddy/2021-03-20/4ed0ac2de03f68615adce39b761887cc.jpg']",,窈窕老爹,2021,中国大陆,"['喜剧', '奇幻', '剧情']",汉语普通话,中文字幕,2021-03-18,89 Mins,金利军,"['林雪', '陈昊明', '王成思', '王宁']",老实刻板的理发师杜常勇丧偶后独自抚养女儿，只想让女儿继承自己的家族企业理发店，但女儿一心想参加节目《后起之秀》当大明星，对老土理发店根本不屑一顾。缺乏理解的父女二人代沟颇深，吵架已成家常便饭。又一次吵架后杜常勇去天台劝女儿回家，却一起被宇宙射线击中，父女醒来发现身体竟已互换！,['magnet:?xt=urn:btih:797a4fa1f3ce3ff92194e5df667348f70e7400cc&dn=[电影天堂www.dytt89.com]窈窕老爹-2021_HD国语中字.mp4']
"['https://img.dytt89.com/d/file/html/gndy/dyzz/2021-03-16/b97777d5b85aa370aa5e53eb12a9e7b2.jpg', 'https://img.dytt89.com/d/file/html/gndy/dyzz/2021-03-17/7b01cf408864535b2f6f61b54f203df7.jpg']",,熊出没·狂野大陆,2021,中国大陆,"['喜剧', '科幻', '动画']",汉语普通话,中文字幕,2021-02-12,100 Mins,丁亮 ,"['张伟', '张秉君', '谭笑']",狗熊岭附近新开业了一个神奇的“狂野大陆”，在那里，通过基因技术人可以自由变身各种动物，享受无比的自由和快乐。导游事业受挫的光头强，阴差阳错与神秘人乐天和熊二组队，参加乐园里奖金丰厚的比赛，却遭遇了队友乐天的背叛，历尽艰险终于获得冠军之际，却意外发现狂野大陆里隐藏着惊天的阴谋......,['magnet:?xt=urn:btih:a6cbfb9e72d998833102f38966d87223e998fb35&dn=[电影天堂www.dytt89.com]熊出没・狂野大陆-2020_HD国语中字V2.mp4']
"['https://img.dytt89.com/d/file/html/gndy/jddy/2021-03-14/b4960896103d8bd36e745532bdadad45.jpg', 'https://img.dytt89.com/d/file/html/gndy/jddy/2021-03-14/b67a75c724eee2081281ae42fef521f0.jpg']",今天都听你的,Yes Day,2021,美国,['喜剧'],英语,中文字幕,2021-03-12,90 Mins,米盖尔·阿尔特塔,"['詹妮弗·加纳', '埃德加·拉米雷兹', '琼·黛安·拉斐尔', '珍娜·奥尔特加', '奈特·法松', '艾娃·艾伦', '梅根·斯科特', '乔丹 约翰孙-西德', '莱昂纳多·吴', '詹姆斯·凯森·李', 'K·C·克莱德', '司徒颂曦', '格雷格·克罗默', '米切尔·拉', '杰西卡·婕德·安德烈什', '卡桑德拉·斯塔尔', '洛拉·苏尔坦', '亚当·费森', '林恩·安德鲁斯', '凯蒂·贝克', '吉·亚历山大', '凯登斯·默里', '斯利姆·克什里', ""Erin Allin O'Reilly"", 'Kristi Lauren']",小鬼头当家，24 小时全程作主不中断。,['magnet:?xt=urn:btih:765b946ef2e1fc50f030ba0a8b329a9166b692c1&dn=[电影天堂www.dytt89.com]有求必应日-2020_BD英语中字.mp4']
"['https://img.dytt89.com/d/file/html/gndy/jddy/2021-03-12/f4effea3fd4a99b78e81d9f68ceb338e.jpg', 'https://img.dytt89.com/d/file/html/gndy/jddy/2021-03-12/e6d7bf656b076b3f1649c12855001bc7.jpg']",东北往事之大叔真帅,东北往事之大叔真帅,2021,中国大陆,['喜剧'],汉语普通话,中文字幕,2021-03-09,93 Mins,王野,"['郭冬临', '杨金赐', '刘慧', '于洋', '西门飘飘', '林妍柔', '高大博', '迟明', '刘芮侨', '何欣姚']",主要讲述靠爆料明星隐私为生的帝都娱记陆洋（郭冬临 饰）和最炙手可热的新生代IDOL甄帅（杨金赐 饰）意外互换了身份，同样面临着“巨大危机”的两人不得不以对方的身份生活，由此开启的一段爆笑之旅。,['magnet:?xt=urn:btih:6667eefeb8121b0361e3b0fbf65c7752132efc3c&dn=[电影天堂www.dytt89.com]东北往事之大叔真帅-2021_HD国语中字.mp4']
